month,Product_Category,Region,total_sales,total_profit,order_count,avg_unit_price,avg_discount,total_quantity
2023-01-01,Clothing & Accessories,Asia Pacific,163.99,32.33,2,35.120000000000005,15.0,6
2023-01-01,Clothing & Accessories,Europe,26.5,3.62,1,27.9,5.0,1
2023-01-01,Clothing & Accessories,Middle East & Africa,185.18,55.56,1,57.87,20.0,4
2023-01-01,Clothing & Accessories,North America,214.4,98.68,1,53.6,0.0,4
2023-01-01,Clothing & Accessories,South America,264.48,69.62,4,49.91,6.25,6
2023-01-01,Furniture,Asia Pacific,3242.8199999999997,1146.0100000000002,4,319.38,5.0,10
2023-01-01,Furniture,Europe,1058.14,253.44,1,330.67,20.0,4
2023-01-01,Furniture,Middle East & Africa,1394.52,417.73,3,209.83333333333334,6.666666666666667,6
2023-01-01,Furniture,North America,2277.65,765.4,4,132.32,6.25,16
2023-01-01,Office Supplies,Asia Pacific,118.01,28.15,2,14.47,7.5,9
2023-01-01,Office Supplies,Europe,222.55,35.010000000000005,6,11.058333333333332,6.666666666666667,20
2023-01-01,Office Supplies,Middle East & Africa,105.69,-0.2100000000000004,3,10.22,10.0,12
2023-01-01,Office Supplies,North America,113.16,36.95,3,14.126666666666665,3.3333333333333335,8
2023-01-01,Office Supplies,South America,37.16,-5.87,1,9.91,25.0,5
2023-01-01,Technology,Asia Pacific,99.69,27.3,1,34.98,5.0,3
2023-01-01,Technology,Europe,462.4,118.89,3,69.50666666666667,15.0,7
2023-01-01,Technology,Middle East & Africa,61.04,9.36,1,33.91,10.0,2
2023-01-01,Technology,North America,690.64,273.73,4,88.9225,1.25,9
2023-01-01,Technology,South America,537.18,207.31,2,75.12,5.0,6
2023-02-01,Clothing & Accessories,Asia Pacific,364.86,96.42,5,47.61,9.0,8
2023-02-01,Clothing & Accessories,Europe,356.3,127.36,3,35.376666666666665,3.3333333333333335,10
2023-02-01,Clothing & Accessories,Middle East & Africa,582.24,175.12,2,57.864999999999995,15.0,11
2023-02-01,Clothing & Accessories,North America,253.97,105.12,2,40.325,7.5,6
2023-02-01,Clothing & Accessories,South America,1468.85,581.85,2,82.065,10.0,22
2023-02-01,Furniture,Asia Pacific,377.47999999999996,117.39,2,57.275,7.5,7
2023-02-01,Furniture,Europe,1815.6499999999999,675.82,3,132.72,1.6666666666666667,16
2023-02-01,Furniture,North America,5300.34,1922.83,5,207.968,5.0,24
2023-02-01,Furniture,South America,2085.91,678.86,1,289.71,10.0,8
2023-02-01,Office Supplies,Asia Pacific,213.01,30.17,4,9.54,8.75,28
2023-02-01,Office Supplies,Europe,56.540000000000006,6.98,2,7.6,7.5,8
2023-02-01,Office Supplies,North America,58.019999999999996,1.2399999999999998,3,5.523333333333333,11.666666666666666,12
2023-02-01,Office Supplies,South America,69.46,7.200000000000001,2,6.01,5.0,10
2023-02-01,Technology,Asia Pacific,857.26,310.57,4,152.48000000000002,6.25,7
2023-02-01,Technology,Europe,1266.36,479.92999999999995,3,60.23666666666667,8.333333333333334,19
2023-02-01,Technology,Middle East & Africa,48.95,9.71,1,48.95,0.0,1
2023-02-01,Technology,North America,1114.08,436.64,6,68.24333333333334,2.5,17
2023-02-01,Technology,South America,654.39,216.85,2,70.11,7.5,10
2023-03-01,Clothing & Accessories,Asia Pacific,45.26,-2.66,2,19.61,7.5,3
2023-03-01,Clothing & Accessories,Europe,514.15,201.69,3,63.026666666666664,8.333333333333334,9
2023-03-01,Clothing & Accessories,Middle East & Africa,394.05,160.42000000000002,2,50.415,0.0,9
2023-03-01,Clothing & Accessories,North America,370.97,145.32999999999998,2,42.815,5.0,11
2023-03-01,Clothing & Accessories,South America,275.31,107.7,1,61.18,10.0,5
2023-03-01,Furniture,Asia Pacific,4841.03,1724.8799999999999,4,192.4025,6.25,18
2023-03-01,Furniture,Europe,969.6800000000001,260.17,2,191.895,17.5,6
2023-03-01,Furniture,Middle East & Africa,486.21000000000004,152.70000000000002,2,77.485,2.5,7
2023-03-01,Furniture,North America,437.45,130.86,2,72.0,5.0,12
2023-03-01,Furniture,South America,1210.4,423.33,3,174.39666666666668,1.6666666666666667,11
2023-03-01,Office Supplies,Asia Pacific,184.77,35.459999999999994,5,14.65,8.0,13
2023-03-01,Office Supplies,Europe,82.24000000000001,8.95,3,11.543333333333331,11.666666666666666,8
2023-03-01,Office Supplies,Middle East & Africa,90.68,35.55,1,22.67,0.0,4
2023-03-01,Office Supplies,North America,281.89,88.19,6,10.17,4.166666666666667,22
2023-03-01,Technology,Asia Pacific,1405.11,558.34,4,154.45749999999998,3.75,9
2023-03-01,Technology,Europe,906.3299999999999,321.19,3,73.56666666666666,8.333333333333334,11
2023-03-01,Technology,Middle East & Africa,1197.35,468.49,2,162.115,5.0,8
2023-03-01,Technology,North America,1226.18,433.89,3,86.17333333333333,8.333333333333334,15
2023-03-01,Technology,South America,1137.39,464.29,1,239.45,5.0,5
2023-04-01,Clothing & Accessories,Asia Pacific,566.78,201.4,5,54.004,4.0,12
2023-04-01,Clothing & Accessories,Europe,173.2,69.84,1,45.58,5.0,4
2023-04-01,Clothing & Accessories,Middle East & Africa,40.72,7.15,1,42.86,5.0,1
2023-04-01,Clothing & Accessories,North America,79.15,15.28,1,37.69,30.0,3
2023-04-01,Furniture,Asia Pacific,616.41,191.95,3,97.12666666666667,6.666666666666667,7
2023-04-01,Furniture,Europe,1552.42,455.12999999999994,3,180.9,8.333333333333334,12
2023-04-01,Furniture,Middle East & Africa,2721.92,804.9300000000001,4,186.8225,11.25,14
2023-04-01,Furniture,North America,2141.19,791.6800000000001,4,249.7,2.5,9
2023-04-01,Office Supplies,Asia Pacific,152.01,15.47,5,10.736,6.0,15
2023-04-01,Office Supplies,Middle East & Africa,9.08,-8.78,1,4.54,0.0,2
2023-04-01,Office Supplies,North America,169.53,54.120000000000005,4,14.0,6.25,12
2023-04-01,Technology,Asia Pacific,529.7,143.14,4,39.785000000000004,10.0,16
2023-04-01,Technology,Europe,1560.5700000000002,596.54,4,81.91,6.25,17
2023-04-01,Technology,Middle East & Africa,609.39,252.8,1,67.71,0.0,9
2023-04-01,Technology,North America,780.47,242.69,4,120.5675,13.75,8
2023-04-01,Technology,South America,482.46000000000004,160.91,3,99.19666666666667,6.666666666666667,7
2023-05-01,Clothing & Accessories,Asia Pacific,372.36,120.2,2,66.05,15.0,9
2023-05-01,Clothing & Accessories,Europe,275.25,93.48,3,46.17333333333334,8.333333333333334,7
2023-05-01,Clothing & Accessories,North America,134.2,49.9,1,26.84,0.0,5
2023-05-01,Clothing & Accessories,South America,227.06,68.37,1,94.61,20.0,3
2023-05-01,Furniture,Asia Pacific,1749.7800000000002,552.35,3,99.39999999999999,15.0,19
2023-05-01,Furniture,Europe,583.57,150.2,2,221.99,12.5,3
2023-05-01,Furniture,Middle East & Africa,592.4100000000001,176.45,2,216.17000000000002,12.5,3
2023-05-01,Furniture,North America,1418.4099999999999,471.36,4,165.7025,10.0,10
2023-05-01,Furniture,South America,371.89,94.84,1,145.84,15.0,3
2023-05-01,Office Supplies,Asia Pacific,127.28,-12.409999999999998,5,9.540000000000001,13.0,19
2023-05-01,Office Supplies,Europe,24.32,-4.84,1,11.58,30.0,3
2023-05-01,Office Supplies,North America,141.16000000000003,29.67,5,12.572,9.0,13
2023-05-01,Technology,Asia Pacific,1440.3200000000002,534.4,4,74.175,10.0,22
2023-05-01,Technology,North America,707.48,256.83000000000004,5,49.502,5.0,14
2023-05-01,Technology,South America,52.98,11.06,1,55.77,5.0,1
2023-06-01,Clothing & Accessories,Asia Pacific,452.32000000000005,155.05,4,29.3525,8.75,16
2023-06-01,Clothing & Accessories,Europe,175.88,52.120000000000005,2,37.58,10.0,5
2023-06-01,Clothing & Accessories,Middle East & Africa,194.85,31.79,3,24.19333333333333,3.3333333333333335,12
2023-06-01,Clothing & Accessories,North America,219.9,78.78999999999999,2,33.89,5.0,7
2023-06-01,Clothing & Accessories,South America,63.27,13.22,1,79.09,20.0,1
2023-06-01,Furniture,Asia Pacific,700.38,206.82,3,214.9,8.333333333333334,4
2023-06-01,Furniture,Europe,4142.93,1458.63,4,146.2225,6.25,19
2023-06-01,Furniture,Middle East & Africa,1360.62,453.91999999999996,4,71.14,5.0,22
2023-06-01,Furniture,North America,4499.74,1489.07,6,157.15166666666667,10.0,30
2023-06-01,Office Supplies,Asia Pacific,56.53,-14.6,3,8.183333333333334,10.0,9
2023-06-01,Office Supplies,Europe,93.27,-11.53,6,10.301666666666668,9.166666666666666,11
2023-06-01,Office Supplies,Middle East & Africa,94.45,12.75,2,21.22,12.5,5
2023-06-01,Office Supplies,North America,296.1,116.13,3,16.356666666666666,6.666666666666667,16
2023-06-01,Technology,Asia Pacific,1059.09,336.84,4,44.855,10.0,27
2023-06-01,Technology,Europe,1122.8899999999999,344.85,5,82.00399999999999,13.0,16
2023-06-01,Technology,Middle East & Africa,162.19,30.38,2,23.815,5.0,7
2023-06-01,Technology,North America,1497.1999999999998,486.11,5,57.84000000000001,13.0,25
2023-07-01,Clothing & Accessories,Europe,592.16,204.75,4,30.6925,10.0,21
2023-07-01,Clothing & Accessories,North America,648.47,251.13,5,42.269999999999996,7.0,19
2023-07-01,Clothing & Accessories,South America,142.12,43.39,2,47.129999999999995,2.5,3
2023-07-01,Furniture,Asia Pacific,4568.5599999999995,1648.84,5,188.084,9.0,22
2023-07-01,Furniture,Europe,827.61,243.13,3,108.77333333333333,13.333333333333334,7
2023-07-01,Furniture,Middle East & Africa,2833.06,669.85,7,120.47857142857143,12.857142857142858,22
2023-07-01,Furniture,South America,16.91,-7.85,1,21.14,20.0,1
2023-07-01,Office Supplies,Asia Pacific,126.69999999999999,12.899999999999999,4,12.32,6.25,12
2023-07-01,Office Supplies,Europe,23.8,3.38,1,11.9,0.0,2
2023-07-01,Office Supplies,Middle East & Africa,38.92,-10.149999999999999,2,11.18,5.0,4
2023-07-01,Office Supplies,North America,175.93,42.6,6,13.648333333333333,9.166666666666666,13
2023-07-01,Office Supplies,South America,25.26,-13.95,2,11.465,2.5,3
2023-07-01,Technology,Asia Pacific,1830.8799999999999,631.46,6,86.815,9.166666666666666,20
2023-07-01,Technology,Europe,1258.67,509.38,3,93.51333333333332,3.3333333333333335,13
2023-07-01,Technology,Middle East & Africa,68.34,9.14,1,42.71,20.0,2
2023-07-01,Technology,North America,626.22,235.56,4,56.0675,5.0,11
2023-07-01,Technology,South America,1864.12,722.41,3,75.61666666666667,11.666666666666666,15
2023-08-01,Clothing & Accessories,Asia Pacific,363.79999999999995,90.52000000000001,3,39.20333333333333,15.0,10
2023-08-01,Clothing & Accessories,Europe,656.26,231.16,3,53.53333333333333,11.666666666666666,15
2023-08-01,Clothing & Accessories,Middle East & Africa,591.05,222.56,3,25.876666666666665,5.0,19
2023-08-01,Clothing & Accessories,North America,1137.86,462.32000000000005,7,46.705714285714286,10.0,21
2023-08-01,Clothing & Accessories,South America,819.8,329.96000000000004,4,80.30000000000001,10.0,10
2023-08-01,Furniture,Asia Pacific,636.22,157.95,2,97.935,15.0,8
2023-08-01,Furniture,Europe,858.92,247.67999999999998,3,120.20333333333333,13.333333333333334,7
2023-08-01,Furniture,Middle East & Africa,79.61,12.83,1,44.23,10.0,2
2023-08-01,Furniture,North America,843.06,275.29999999999995,3,112.66333333333334,6.666666666666667,7
2023-08-01,Furniture,South America,667.17,199.81,3,139.34,6.666666666666667,6
2023-08-01,Office Supplies,Asia Pacific,291.65,68.58,5,15.424000000000001,9.0,21
2023-08-01,Office Supplies,Europe,179.89,32.85,3,8.893333333333333,13.333333333333334,22
2023-08-01,Office Supplies,Middle East & Africa,88.95,-13.91,3,8.013333333333334,6.666666666666667,12
2023-08-01,Office Supplies,North America,165.0,36.67,5,12.912,9.0,14
2023-08-01,Office Supplies,South America,85.08,-6.42,3,10.446666666666667,13.333333333333334,11
2023-08-01,Technology,Asia Pacific,1064.69,350.56,5,62.71999999999999,8.0,16
2023-08-01,Technology,Europe,2937.79,1054.93,6,84.59333333333333,7.5,36
2023-08-01,Technology,Middle East & Africa,170.4,21.82,2,88.395,15.0,4
2023-08-01,Technology,North America,1333.87,441.15,5,90.168,12.0,17
2023-09-01,Clothing & Accessories,Asia Pacific,568.62,196.73,3,46.596666666666664,15.0,12
2023-09-01,Clothing & Accessories,Europe,171.97,48.3,2,28.685,12.5,6
2023-09-01,Clothing & Accessories,North America,802.65,265.04,5,66.298,13.0,11
2023-09-01,Furniture,Asia Pacific,1415.07,474.87,4,179.43,5.0,10
2023-09-01,Furniture,Europe,1272.8600000000001,322.87,2,75.36,15.0,20
2023-09-01,Furniture,Middle East & Africa,925.72,323.49,2,100.355,5.0,9
2023-09-01,Furniture,North America,2861.7200000000003,759.02,7,100.86857142857143,10.0,41
2023-09-01,Furniture,South America,999.25,322.32,2,271.125,5.0,4
2023-09-01,Office Supplies,Asia Pacific,83.22,-16.88,5,8.472,7.0,12
2023-09-01,Office Supplies,Europe,126.12,31.189999999999998,3,11.24,10.0,11
2023-09-01,Office Supplies,North America,146.01,40.13,4,13.45,13.75,11
2023-09-01,Technology,Asia Pacific,713.83,246.26999999999998,5,98.896,5.0,10
2023-09-01,Technology,Europe,525.67,132.32,4,45.602500000000006,11.25,20
2023-09-01,Technology,Middle East & Africa,417.49,97.5,4,42.1475,10.0,11
2023-09-01,Technology,North America,408.88,129.25,3,92.97666666666667,11.666666666666666,6
2023-09-01,Technology,South America,550.64,204.58,3,66.95333333333333,3.3333333333333335,7
2023-10-01,Clothing & Accessories,Asia Pacific,66.02,15.12,1,82.52,20.0,1
2023-10-01,Clothing & Accessories,Europe,963.3199999999999,328.21,5,55.446000000000005,10.0,19
2023-10-01,Clothing & Accessories,Middle East & Africa,382.78000000000003,139.4,3,49.11333333333334,3.3333333333333335,8
2023-10-01,Clothing & Accessories,North America,129.12,46.9,1,33.98,5.0,4
2023-10-01,Clothing & Accessories,South America,779.58,272.54,1,74.96,20.0,13
2023-10-01,Furniture,Asia Pacific,2938.99,929.6,5,145.89000000000001,10.0,20
2023-10-01,Furniture,Europe,4541.85,1560.11,3,296.1366666666667,5.0,18
2023-10-01,Furniture,Middle East & Africa,730.87,182.77,4,76.38499999999999,13.75,12
2023-10-01,Furniture,North America,622.38,170.38,4,78.57,10.0,7
2023-10-01,Furniture,South America,2007.12,435.40999999999997,4,215.27499999999998,18.75,14
2023-10-01,Office Supplies,Asia Pacific,26.53,-5.51,2,13.965,5.0,2
2023-10-01,Office Supplies,Europe,116.82,33.269999999999996,3,19.866666666666664,13.333333333333334,6
2023-10-01,Office Supplies,Middle East & Africa,83.54,-9.92,3,13.35,18.333333333333332,8
2023-10-01,Office Supplies,North America,46.45,8.8,2,13.675,2.5,5
2023-10-01,Office Supplies,South America,218.96,39.03,4,14.655000000000001,7.5,16
2023-10-01,Technology,Asia Pacific,1233.96,459.73,5,71.02000000000001,7.0,21
2023-10-01,Technology,Europe,767.6700000000001,243.14000000000001,4,54.4075,8.75,18
2023-10-01,Technology,Middle East & Africa,593.41,172.29000000000002,2,106.245,17.5,7
2023-10-01,Technology,North America,1357.64,499.89,5,73.00800000000001,9.0,17
2023-10-01,Technology,South America,187.59,51.89,2,61.94499999999999,5.0,3
2023-11-01,Clothing & Accessories,Asia Pacific,49.64,2.07,2,26.345,5.0,2
2023-11-01,Clothing & Accessories,Europe,14.93,-1.44,1,15.72,5.0,1
2023-11-01,Clothing & Accessories,North America,41.11,12.63,1,45.68,10.0,1
2023-11-01,Clothing & Accessories,South America,379.85,145.8,2,54.21,7.5,8
2023-11-01,Furniture,Asia Pacific,1963.3,476.21,3,174.62333333333333,16.666666666666668,11
2023-11-01,Furniture,Europe,1723.16,462.53,4,119.9175,15.0,19
2023-11-01,Furniture,North America,961.94,289.7,3,154.74333333333334,8.333333333333334,9
2023-11-01,Office Supplies,Asia Pacific,152.18,7.01,5,11.384,6.0,16
2023-11-01,Office Supplies,Europe,45.33,-9.04,3,11.106666666666667,11.666666666666666,5
2023-11-01,Office Supplies,Middle East & Africa,85.33,22.61,1,14.97,5.0,6
2023-11-01,Office Supplies,North America,79.17,17.96,2,9.535,10.0,10
2023-11-01,Office Supplies,South America,88.03999999999999,6.239999999999998,3,13.376666666666667,8.333333333333334,6
2023-11-01,Technology,Asia Pacific,762.9100000000001,286.77,4,41.08,5.0,16
2023-11-01,Technology,Europe,1204.18,446.25,4,77.62249999999999,5.0,15
2023-11-01,Technology,Middle East & Africa,17.56,-5.31,1,17.56,0.0,1
2023-11-01,Technology,North America,593.99,209.87,4,80.36500000000001,5.0,11
2023-11-01,Technology,South America,312.87,99.91,3,53.79,0.0,8
2023-12-01,Clothing & Accessories,Asia Pacific,1137.85,440.63,5,63.470000000000006,9.0,20
2023-12-01,Clothing & Accessories,Europe,110.59,31.11,1,43.37,15.0,3
2023-12-01,Clothing & Accessories,Middle East & Africa,474.71000000000004,145.17,3,47.21666666666667,8.333333333333334,10
2023-12-01,Clothing & Accessories,North America,543.84,181.18,4,31.445,12.5,20
2023-12-01,Furniture,Asia Pacific,2927.84,849.18,9,141.38555555555556,7.222222222222222,24
2023-12-01,Furniture,Europe,2338.93,719.49,7,112.11285714285714,8.571428571428571,27
2023-12-01,Furniture,Middle East & Africa,539.72,162.26,2,80.485,5.0,7
2023-12-01,Furniture,North America,3502.22,948.96,6,185.86666666666667,15.833333333333334,21
2023-12-01,Furniture,South America,1093.52,292.63,2,228.72,15.0,5
2023-12-01,Office Supplies,Asia Pacific,103.0,6.110000000000001,3,12.153333333333334,10.0,9
2023-12-01,Office Supplies,Middle East & Africa,120.46,34.01,1,11.81,15.0,12
2023-12-01,Office Supplies,North America,414.3,99.83999999999999,13,12.783846153846154,7.6923076923076925,36
2023-12-01,Office Supplies,South America,114.88,0.7399999999999984,4,8.965,3.75,13
2023-12-01,Technology,Asia Pacific,2172.02,756.1,9,69.88333333333334,10.0,33
2023-12-01,Technology,Europe,697.57,229.96,4,53.185,7.5,15
2023-12-01,Technology,North America,382.99,125.97,5,51.324,8.0,10
2024-01-01,Clothing & Accessories,Europe,340.49,108.97,3,49.15333333333333,10.0,8
2024-01-01,Clothing & Accessories,North America,774.4200000000001,252.87,5,52.364,14.0,18
2024-01-01,Clothing & Accessories,South America,88.36,15.030000000000001,2,16.915,10.0,7
2024-01-01,Furniture,Asia Pacific,204.53,29.95,2,113.645,15.0,3
2024-01-01,Furniture,Europe,154.2,47.74,1,81.16,5.0,2
2024-01-01,Furniture,Middle East & Africa,218.42,50.29,1,34.67,10.0,7
2024-01-01,Furniture,North America,1970.39,694.35,4,168.865,7.5,11
2024-01-01,Furniture,South America,222.26,63.57,1,246.96,10.0,1
2024-01-01,Office Supplies,Asia Pacific,139.65,-0.009999999999999787,5,13.466,15.0,13
2024-01-01,Office Supplies,Europe,63.989999999999995,6.33,3,16.903333333333332,5.0,4
2024-01-01,Office Supplies,North America,292.02,78.88,5,11.580000000000002,5.0,27
2024-01-01,Office Supplies,South America,102.81,31.98,2,16.545,0.0,6
2024-01-01,Technology,Asia Pacific,398.65999999999997,141.24,2,44.825,10.0,9
2024-01-01,Technology,Europe,213.82,70.11,2,34.35,2.5,6
2024-01-01,Technology,Middle East & Africa,1596.1399999999999,469.66999999999996,2,113.08500000000001,10.0,14
2024-01-01,Technology,North America,1235.05,429.17,8,73.945,7.5,18
2024-02-01,Clothing & Accessories,Asia Pacific,982.98,381.91,3,63.906666666666666,13.333333333333334,19
2024-02-01,Clothing & Accessories,Europe,652.8,263.5,4,50.8025,5.0,14
2024-02-01,Clothing & Accessories,Middle East & Africa,435.84,199.01,1,108.96,0.0,4
2024-02-01,Clothing & Accessories,North America,285.84000000000003,111.97,2,33.49,2.5,10
2024-02-01,Furniture,Asia Pacific,2341.66,654.84,2,246.155,17.5,8
2024-02-01,Furniture,Europe,656.78,242.70999999999998,2,179.49,0.0,3
2024-02-01,Furniture,North America,3815.16,1405.3899999999999,5,204.846,8.0,15
2024-02-01,Furniture,South America,1300.1,415.78,1,180.57,10.0,8
2024-02-01,Office Supplies,Asia Pacific,13.22,-3.08,1,13.92,5.0,1
2024-02-01,Office Supplies,Europe,22.950000000000003,-3.17,2,11.475000000000001,0.0,2
2024-02-01,Office Supplies,Middle East & Africa,40.29,-10.17,2,17.035,15.0,3
2024-02-01,Office Supplies,North America,64.6,11.66,2,12.835,10.0,6
2024-02-01,Technology,Asia Pacific,28.43,1.48,1,28.43,0.0,1
2024-02-01,Technology,Europe,836.07,270.28999999999996,5,91.616,11.0,12
2024-02-01,Technology,Middle East & Africa,41.84,4.44,1,22.02,5.0,2
2024-02-01,Technology,North America,386.36,165.0,1,96.59,0.0,4
2024-02-01,Technology,South America,74.68,19.7,1,78.61,5.0,1
2024-03-01,Clothing & Accessories,Asia Pacific,1226.29,522.8,4,68.37,10.0,23
2024-03-01,Clothing & Accessories,Europe,19.9,-0.53,1,24.87,20.0,1
2024-03-01,Clothing & Accessories,North America,152.19,63.6,1,32.04,5.0,5
2024-03-01,Clothing & Accessories,South America,92.86,6.95,1,14.51,20.0,8
2024-03-01,Furniture,Asia Pacific,131.08,26.06,1,36.41,10.0,4
2024-03-01,Furniture,Europe,1744.91,552.5,3,129.54999999999998,6.666666666666667,12
2024-03-01,Furniture,Middle East & Africa,1269.08,355.3,2,130.27499999999998,12.5,11
2024-03-01,Furniture,North America,555.27,212.74,1,185.09,0.0,3
2024-03-01,Furniture,South America,382.34999999999997,106.72,3,94.99,6.666666666666667,4
2024-03-01,Office Supplies,Asia Pacific,67.69,-12.440000000000001,4,7.7475000000000005,8.75,11
2024-03-01,Office Supplies,Europe,83.49,0.639999999999999,4,10.842500000000001,6.25,9
2024-03-01,Office Supplies,Middle East & Africa,10.33,-6.49,1,10.33,0.0,1
2024-03-01,Office Supplies,North America,343.15999999999997,131.59,4,15.9275,7.5,22
2024-03-01,Technology,Asia Pacific,1688.69,652.51,4,82.13499999999999,2.5,22
2024-03-01,Technology,Europe,517.3399999999999,195.32,3,55.31999999999999,1.6666666666666667,8
2024-03-01,Technology,Middle East & Africa,1076.19,389.78,3,132.05333333333334,10.0,8
2024-03-01,Technology,North America,1134.15,373.6,3,69.74333333333334,13.333333333333334,21
2024-03-01,Technology,South America,55.14,12.66,1,27.57,0.0,2
2024-04-01,Clothing & Accessories,Asia Pacific,1178.47,383.43,7,44.847142857142856,15.714285714285714,32
2024-04-01,Clothing & Accessories,Europe,410.69,107.49,4,35.57,17.5,14
2024-04-01,Clothing & Accessories,Middle East & Africa,629.96,274.69,1,82.89,5.0,8
2024-04-01,Clothing & Accessories,North America,276.13,91.82000000000001,3,51.71,13.333333333333334,7
2024-04-01,Clothing & Accessories,South America,370.36,155.03,1,77.97,5.0,5
2024-04-01,Furniture,Asia Pacific,1470.95,359.07,6,151.48833333333334,15.0,14
2024-04-01,Furniture,Middle East & Africa,1531.16,540.71,1,107.45,5.0,15
2024-04-01,Furniture,North America,945.56,331.51,2,129.765,7.5,6
2024-04-01,Furniture,South America,2813.7999999999997,879.8100000000001,2,243.38,15.0,10
2024-04-01,Office Supplies,Asia Pacific,180.92999999999998,24.65,5,13.472,11.0,15
2024-04-01,Office Supplies,Europe,181.68,19.95,7,11.001428571428573,8.571428571428571,18
2024-04-01,Office Supplies,Middle East & Africa,53.8,-12.99,3,11.266666666666666,6.666666666666667,5
2024-04-01,Office Supplies,North America,209.4,51.32,5,13.559999999999999,13.0,18
2024-04-01,Technology,Asia Pacific,2085.73,637.89,7,86.89999999999999,12.857142857142858,37
2024-04-01,Technology,Europe,753.79,249.67000000000002,5,84.172,8.0,14
2024-04-01,Technology,North America,416.40999999999997,104.1,4,46.7575,12.5,10
2024-04-01,Technology,South America,2106.2400000000002,702.5,5,101.538,16.0,22
2024-05-01,Clothing & Accessories,Asia Pacific,1351.3799999999999,609.27,4,63.195,2.5,17
2024-05-01,Clothing & Accessories,Europe,572.41,218.69,4,55.665,7.5,10
2024-05-01,Clothing & Accessories,North America,764.8299999999999,301.82,4,47.78,11.25,17
2024-05-01,Clothing & Accessories,South America,479.7,216.76,1,79.95,0.0,6
2024-05-01,Furniture,Asia Pacific,1182.3600000000001,435.79,3,106.16666666666667,0.0,10
2024-05-01,Furniture,Europe,515.8199999999999,137.93,3,119.55666666666667,8.333333333333334,10
2024-05-01,Furniture,Middle East & Africa,67.18,14.78,1,67.18,0.0,1
2024-05-01,Furniture,North America,3867.33,1458.8,4,157.1475,5.0,21
2024-05-01,Office Supplies,Asia Pacific,297.65,73.21,6,10.883333333333333,5.0,23
2024-05-01,Office Supplies,Europe,26.97,4.96,1,9.99,10.0,3
2024-05-01,Office Supplies,Middle East & Africa,87.14,1.08,3,11.246666666666668,6.666666666666667,9
2024-05-01,Office Supplies,North America,75.43,7.34,3,13.933333333333332,8.333333333333334,7
2024-05-01,Office Supplies,South America,111.89,7.629999999999999,3,12.030000000000001,10.0,10
2024-05-01,Technology,Asia Pacific,735.62,237.16,5,59.278,7.0,13
2024-05-01,Technology,Europe,4041.54,1470.0,9,84.35333333333334,5.555555555555555,44
2024-05-01,Technology,Middle East & Africa,1403.59,480.96,4,70.43,8.75,14
2024-05-01,Technology,North America,942.62,221.27,4,90.1575,17.5,19
2024-05-01,Technology,South America,70.74,11.85,1,26.2,10.0,3
2024-06-01,Clothing & Accessories,Asia Pacific,298.15999999999997,92.63,3,43.63999999999999,8.333333333333334,7
2024-06-01,Clothing & Accessories,Europe,54.94,8.83,1,22.89,20.0,3
2024-06-01,Clothing & Accessories,Middle East & Africa,64.87,16.79,1,34.14,5.0,2
2024-06-01,Clothing & Accessories,North America,880.2199999999999,347.21000000000004,8,48.58625,6.25,18
2024-06-01,Clothing & Accessories,South America,38.26,3.38,1,47.83,20.0,1
2024-06-01,Furniture,Asia Pacific,931.61,301.25,3,98.10666666666667,3.3333333333333335,13
2024-06-01,Furniture,Europe,1072.0,339.74,4,98.045,3.75,13
2024-06-01,Furniture,North America,868.97,319.86,2,222.555,2.5,4
2024-06-01,Furniture,South America,2398.15,658.2,4,123.0475,12.5,17
2024-06-01,Office Supplies,Asia Pacific,65.67,-3.1,3,12.32,11.666666666666666,6
2024-06-01,Office Supplies,Europe,58.79,-4.640000000000001,3,11.046666666666667,6.666666666666667,6
2024-06-01,Office Supplies,North America,167.03,52.2,3,9.08,1.6666666666666667,15
2024-06-01,Technology,Asia Pacific,224.13,66.32,1,65.92,15.0,4
2024-06-01,Technology,Middle East & Africa,373.37,101.92999999999999,2,127.91999999999999,17.5,3
2024-06-01,Technology,North America,1603.06,630.38,3,110.92,6.666666666666667,15
2024-06-01,Technology,South America,335.92,120.86,2,129.205,2.5,4
2024-07-01,Clothing & Accessories,Asia Pacific,123.84,23.22,1,25.8,20.0,6
2024-07-01,Clothing & Accessories,Europe,817.21,302.52,5,51.078,12.0,22
2024-07-01,Clothing & Accessories,Middle East & Africa,20.12,-5.67,1,25.15,20.0,1
2024-07-01,Clothing & Accessories,North America,298.57,97.45,3,46.326666666666675,11.666666666666666,8
2024-07-01,Furniture,Asia Pacific,302.99,73.96,2,47.45,7.5,7
2024-07-01,Furniture,Europe,7692.67,2768.73,4,280.635,7.5,26
2024-07-01,Furniture,North America,2081.32,664.1899999999999,6,140.355,10.0,15
2024-07-01,Furniture,South America,50.0,3.42,1,58.82,15.0,1
2024-07-01,Office Supplies,Asia Pacific,58.34,0.79,2,13.065000000000001,5.0,5
2024-07-01,Office Supplies,Europe,152.07,28.740000000000002,4,13.6425,2.5,13
2024-07-01,Office Supplies,North America,269.57,94.02,4,14.8475,12.5,21
2024-07-01,Technology,Asia Pacific,839.78,283.97,3,112.41000000000001,11.666666666666666,8
2024-07-01,Technology,Europe,559.47,196.13000000000002,5,47.474000000000004,6.0,10
2024-07-01,Technology,North America,1598.06,596.39,8,85.8325,8.75,20
2024-07-01,Technology,South America,73.52,9.51,1,17.3,15.0,5
2024-08-01,Clothing & Accessories,Asia Pacific,324.59000000000003,118.05,3,33.56666666666666,5.0,10
2024-08-01,Clothing & Accessories,Europe,354.18,114.87,4,27.957500000000003,8.75,14
2024-08-01,Clothing & Accessories,North America,565.81,234.64999999999998,4,58.817499999999995,5.0,10
2024-08-01,Clothing & Accessories,South America,592.01,210.82,2,76.12,15.0,8
2024-08-01,Furniture,Asia Pacific,824.51,277.92,2,129.46,5.0,7
2024-08-01,Furniture,Europe,225.15,77.66,1,75.05,0.0,3
2024-08-01,Furniture,North America,2925.17,826.78,5,212.18,10.0,14
2024-08-01,Office Supplies,Asia Pacific,167.18,5.289999999999999,6,10.665000000000001,7.5,17
2024-08-01,Office Supplies,Europe,173.28,54.64,2,14.149999999999999,12.5,14
2024-08-01,Office Supplies,North America,273.31,71.31,7,12.557142857142859,7.142857142857143,22
2024-08-01,Office Supplies,South America,65.28,3.17,1,9.6,15.0,8
2024-08-01,Technology,Asia Pacific,844.07,301.64,4,90.22,2.5,10
2024-08-01,Technology,Europe,825.88,289.71999999999997,4,84.2925,7.5,11
2024-08-01,Technology,Middle East & Africa,66.58,11.52,1,24.66,10.0,3
2024-08-01,Technology,North America,1402.55,505.1,6,81.28666666666668,10.833333333333334,19
2024-08-01,Technology,South America,254.28,95.8,1,63.57,0.0,4
2024-09-01,Clothing & Accessories,Asia Pacific,389.6,159.92000000000002,2,41.56,0.0,9
2024-09-01,Clothing & Accessories,Europe,234.21999999999997,71.96,3,36.666666666666664,8.333333333333334,6
2024-09-01,Clothing & Accessories,Middle East & Africa,375.0,100.68,1,62.5,25.0,8
2024-09-01,Clothing & Accessories,North America,445.46000000000004,176.17,4,21.965,7.5,20
2024-09-01,Clothing & Accessories,South America,31.92,3.89,1,31.92,0.0,1
2024-09-01,Furniture,Asia Pacific,1037.32,270.1,2,131.935,15.0,8
2024-09-01,Furniture,Europe,650.53,202.11,3,58.94,3.3333333333333335,12
2024-09-01,Furniture,Middle East & Africa,124.22,22.56,1,73.07,15.0,2
2024-09-01,Furniture,North America,818.03,240.33,4,176.38500000000002,7.5,8
2024-09-01,Furniture,South America,155.86,27.4,1,64.94,20.0,3
2024-09-01,Office Supplies,Asia Pacific,239.04,38.29,6,12.858333333333334,10.0,22
2024-09-01,Office Supplies,Europe,193.73000000000002,46.93,5,14.64,5.0,13
2024-09-01,Office Supplies,North America,240.07999999999998,69.97,4,11.515,10.0,22
2024-09-01,Office Supplies,South America,115.77,11.610000000000001,3,13.526666666666666,13.333333333333334,10
2024-09-01,Technology,Asia Pacific,86.26,27.3,1,43.13,0.0,2
2024-09-01,Technology,Europe,1268.5,393.98,6,74.00333333333333,14.166666666666666,25
2024-09-01,Technology,Middle East & Africa,585.81,189.92000000000002,3,41.406666666666666,10.0,16
2024-09-01,Technology,North America,2121.6800000000003,882.74,6,69.835,4.166666666666667,21
2024-09-01,Technology,South America,523.35,158.98,4,76.85,6.25,11
2024-10-01,Clothing & Accessories,Asia Pacific,447.44,135.07,6,41.10666666666667,7.5,13
2024-10-01,Clothing & Accessories,Europe,1557.95,646.53,6,53.291666666666664,5.833333333333333,38
2024-10-01,Clothing & Accessories,Middle East & Africa,948.4499999999999,387.38,3,90.0,11.666666666666666,15
2024-10-01,Clothing & Accessories,North America,401.74,133.93,5,39.965999999999994,11.0,13
2024-10-01,Clothing & Accessories,South America,216.09,50.94,3,34.916666666666664,11.666666666666666,7
2024-10-01,Furniture,Asia Pacific,3364.4300000000003,819.44,4,130.64000000000001,11.25,23
2024-10-01,Furniture,Europe,2972.33,940.11,3,226.19333333333336,10.0,17
2024-10-01,Furniture,Middle East & Africa,179.65,23.91,1,239.53,25.0,1
2024-10-01,Furniture,North America,2720.68,860.79,7,199.26714285714283,10.0,21
2024-10-01,Office Supplies,Asia Pacific,305.49,58.86,6,12.501666666666667,10.0,32
2024-10-01,Office Supplies,Europe,156.43,43.22,3,13.476666666666667,8.333333333333334,12
2024-10-01,Office Supplies,Middle East & Africa,123.74000000000001,-3.870000000000001,5,11.388,5.0,11
2024-10-01,Office Supplies,North America,118.61,2.3199999999999994,5,9.605999999999998,14.0,17
2024-10-01,Office Supplies,South America,96.31,22.56,1,11.89,10.0,9
2024-10-01,Technology,Asia Pacific,1128.5,381.92999999999995,5,55.062,13.0,20
2024-10-01,Technology,Europe,1898.18,703.29,8,67.6775,6.25,29
2024-10-01,Technology,North America,634.62,207.91,3,47.54,8.333333333333334,15
2024-10-01,Technology,South America,155.41,29.009999999999998,2,43.1,10.0,4
2024-11-01,Clothing & Accessories,Asia Pacific,692.06,262.32,3,71.05,11.666666666666666,10
2024-11-01,Clothing & Accessories,Europe,1602.1799999999998,656.6700000000001,6,54.541666666666664,8.333333333333334,32
2024-11-01,Clothing & Accessories,North America,428.75,147.23000000000002,4,39.3725,11.25,13
2024-11-01,Furniture,Asia Pacific,4632.52,1396.93,6,147.16166666666666,8.333333333333334,31
2024-11-01,Furniture,Europe,1699.85,640.5500000000001,2,157.59,7.5,9
2024-11-01,Furniture,Middle East & Africa,1137.58,401.23,1,239.49,5.0,5
2024-11-01,Furniture,North America,911.3599999999999,298.74,3,82.06333333333333,5.0,11
2024-11-01,Furniture,South America,609.75,213.67000000000002,2,164.70999999999998,10.0,3
2024-11-01,Office Supplies,Asia Pacific,182.0,50.6,3,10.4,3.3333333333333335,21
2024-11-01,Office Supplies,Europe,169.27,42.42,5,13.85,3.0,11
2024-11-01,Office Supplies,North America,174.55,23.55,7,9.327142857142857,7.142857142857143,19
2024-11-01,Office Supplies,South America,96.15,17.62,1,17.17,20.0,7
2024-11-01,Technology,Asia Pacific,902.0,372.78,2,82.4,7.5,8
2024-11-01,Technology,Europe,1090.07,344.65,6,70.16166666666668,11.666666666666666,20
2024-11-01,Technology,North America,2085.1800000000003,761.82,7,64.80285714285715,5.714285714285714,36
2024-12-01,Clothing & Accessories,Asia Pacific,343.63,153.66,1,49.09,0.0,7
2024-12-01,Clothing & Accessories,Europe,599.81,213.13,4,43.425,6.25,18
2024-12-01,Clothing & Accessories,Middle East & Africa,220.36,92.77,1,55.09,0.0,4
2024-12-01,Clothing & Accessories,North America,929.74,388.04999999999995,5,39.998000000000005,5.0,24
2024-12-01,Furniture,Asia Pacific,1667.44,653.71,1,416.86,0.0,4
2024-12-01,Furniture,Europe,3205.3900000000003,979.8299999999999,4,183.525,10.0,18
2024-12-01,Furniture,Middle East & Africa,321.71,104.98,1,84.66,5.0,4
2024-12-01,Furniture,North America,3575.3700000000003,1326.11,4,164.055,5.0,18
2024-12-01,Furniture,South America,1038.67,352.14,2,388.06,7.5,3
2024-12-01,Office Supplies,Asia Pacific,266.09000000000003,5.570000000000002,7,10.912857142857144,14.285714285714286,33
2024-12-01,Office Supplies,Europe,33.63,-8.59,2,6.12,5.0,6
2024-12-01,Office Supplies,Middle East & Africa,128.97,32.49,2,17.740000000000002,10.0,7
2024-12-01,Office Supplies,North America,159.96,32.43,4,10.9125,8.75,17
2024-12-01,Office Supplies,South America,91.37,26.14,1,13.74,5.0,7
2024-12-01,Technology,Asia Pacific,382.03,67.92999999999999,4,49.025000000000006,16.25,10
2024-12-01,Technology,Europe,429.35,132.07,1,63.14,15.0,8
2024-12-01,Technology,Middle East & Africa,207.84,50.35,3,73.52333333333333,5.0,3
2024-12-01,Technology,North America,687.44,295.87,1,171.86,0.0,4
2024-12-01,Technology,South America,375.54,145.71,1,62.59,0.0,6
2025-01-01,Clothing & Accessories,Asia Pacific,53.14,11.55,1,31.26,15.0,2
2025-01-01,Clothing & Accessories,Europe,911.1800000000001,383.68,2,69.66499999999999,7.5,15
2025-01-01,Clothing & Accessories,North America,203.63,83.05,2,22.045,2.5,9
2025-01-01,Furniture,Asia Pacific,818.61,270.88,3,135.5666666666667,5.0,6
2025-01-01,Furniture,Europe,2146.35,742.9,4,149.39999999999998,5.0,15
2025-01-01,Furniture,Middle East & Africa,1117.68,325.33,3,188.22000000000003,11.666666666666666,8
2025-01-01,Furniture,North America,3246.02,1107.1699999999998,6,133.32833333333335,8.333333333333334,24
2025-01-01,Office Supplies,Asia Pacific,129.09,33.88,2,10.24,15.0,13
2025-01-01,Office Supplies,Europe,63.39,8.89,2,9.275,2.5,7
2025-01-01,Office Supplies,North America,159.0,46.07,4,15.325,7.5,12
2025-01-01,Office Supplies,South America,31.64,-10.17,2,9.11,15.0,4
2025-01-01,Technology,Asia Pacific,462.51,167.95,2,65.87,7.5,7
2025-01-01,Technology,Europe,197.61,64.49,1,73.19,10.0,3
2025-01-01,Technology,Middle East & Africa,338.6,138.19,1,67.72,0.0,5
2025-01-01,Technology,North America,1914.07,799.23,6,79.81333333333333,3.3333333333333335,20
2025-01-01,Technology,South America,528.66,136.68,2,79.59,15.0,9
2025-02-01,Clothing & Accessories,Asia Pacific,423.91999999999996,139.23000000000002,4,42.715,6.25,11
2025-02-01,Clothing & Accessories,Europe,485.12,169.5,3,41.53,8.333333333333334,14
2025-02-01,Clothing & Accessories,North America,320.74,119.41999999999999,3,49.81999999999999,10.0,7
2025-02-01,Furniture,Europe,455.94,69.93,4,38.955,15.0,14
2025-02-01,Furniture,North America,915.54,319.77,4,161.3075,2.5,6
2025-02-01,Office Supplies,Asia Pacific,17.740000000000002,-12.54,2,9.175,10.0,2
2025-02-01,Office Supplies,Europe,12.93,-1.83,1,12.93,0.0,1
2025-02-01,Office Supplies,Middle East & Africa,95.61,21.58,1,14.06,15.0,8
2025-02-01,Office Supplies,North America,87.76,9.07,4,13.225,11.25,8
2025-02-01,Technology,Asia Pacific,2408.08,812.94,6,138.835,8.333333333333334,20
2025-02-01,Technology,Europe,241.89,69.80000000000001,3,88.63999999999999,11.666666666666666,3
2025-02-01,Technology,North America,499.87,193.58999999999997,2,189.07,5.0,3
2025-02-01,Technology,South America,1372.1399999999999,520.29,3,76.28666666666668,8.333333333333334,17
2025-03-01,Clothing & Accessories,Asia Pacific,61.85,19.77,1,61.85,0.0,1
2025-03-01,Clothing & Accessories,Europe,132.02,40.31,2,44.74,7.5,3
2025-03-01,Clothing & Accessories,North America,860.0699999999999,351.64,5,41.488,3.0,19
2025-03-01,Clothing & Accessories,South America,158.63,58.41,1,55.66,5.0,3
2025-03-01,Furniture,Asia Pacific,1310.21,410.1,4,122.70500000000001,7.5,15
2025-03-01,Furniture,Europe,1467.71,473.53999999999996,5,109.024,9.0,13
2025-03-01,Furniture,Middle East & Africa,418.59,154.97,1,418.59,0.0,1
2025-03-01,Office Supplies,Asia Pacific,174.1,26.74,3,15.486666666666665,18.333333333333332,15
2025-03-01,Office Supplies,Europe,154.62,40.11,3,13.706666666666665,6.666666666666667,11
2025-03-01,Office Supplies,North America,198.5,49.05,5,12.36,11.0,18
2025-03-01,Technology,Europe,333.78,93.06,4,62.3425,10.0,6
2025-03-01,Technology,Middle East & Africa,1001.53,308.73,5,66.44800000000001,10.0,18
2025-03-01,Technology,North America,1116.32,374.11,7,61.28285714285715,7.857142857142857,23
2025-03-01,Technology,South America,384.4,89.06,2,37.07,12.5,11
2025-04-01,Clothing & Accessories,Asia Pacific,1643.43,757.84,4,60.93,2.5,16
2025-04-01,Clothing & Accessories,Middle East & Africa,329.91,131.63,1,31.57,5.0,11
2025-04-01,Clothing & Accessories,North America,77.03,24.24,1,90.62,15.0,1
2025-04-01,Clothing & Accessories,South America,18.14,-5.55,1,10.67,15.0,2
2025-04-01,Furniture,Asia Pacific,884.1600000000001,313.65,2,194.04500000000002,5.0,6
2025-04-01,Furniture,Europe,3337.31,1247.99,5,152.004,3.0,18
2025-04-01,Furniture,North America,3814.24,1272.92,4,124.0575,10.0,36
2025-04-01,Furniture,South America,505.47,166.11,2,179.55,5.0,3
2025-04-01,Office Supplies,Asia Pacific,307.46,70.58,5,16.381999999999998,11.0,24
2025-04-01,Office Supplies,Europe,121.03,20.49,4,11.965,10.0,10
2025-04-01,Office Supplies,Middle East & Africa,267.5,51.14,5,15.618,10.0,18
2025-04-01,Office Supplies,North America,67.25,4.19,4,12.4625,5.0,6
2025-04-01,Office Supplies,South America,32.519999999999996,-7.03,2,11.094999999999999,12.5,3
2025-04-01,Technology,Asia Pacific,778.61,221.26999999999998,5,46.596,10.0,22
2025-04-01,Technology,Europe,1162.31,454.28999999999996,5,132.32,2.0,9
2025-04-01,Technology,Middle East & Africa,1174.42,418.94,4,102.565,6.25,19
2025-04-01,Technology,North America,1384.98,488.45,9,75.31888888888889,7.222222222222222,25
2025-04-01,Technology,South America,497.83,130.46,3,86.22666666666665,13.333333333333334,10
2025-05-01,Clothing & Accessories,Asia Pacific,147.53,49.18,1,40.98,10.0,4
2025-05-01,Clothing & Accessories,Europe,598.63,240.29,4,34.7225,2.5,20
2025-05-01,Clothing & Accessories,Middle East & Africa,56.7,11.72,1,14.92,5.0,4
2025-05-01,Clothing & Accessories,North America,806.47,325.84,6,46.75333333333333,10.0,19
2025-05-01,Clothing & Accessories,South America,272.37,53.65,3,29.94666666666667,10.0,11
2025-05-01,Furniture,Asia Pacific,4707.99,1557.74,6,172.32000000000002,6.666666666666667,29
2025-05-01,Furniture,Europe,4824.5199999999995,1634.81,8,153.4725,8.75,28
2025-05-01,Furniture,Middle East & Africa,460.13,103.55,4,84.55749999999999,5.0,6
2025-05-01,Furniture,North America,1637.48,448.86,3,155.23999999999998,13.333333333333334,12
2025-05-01,Office Supplies,Asia Pacific,563.0,119.28,9,14.30888888888889,7.777777777777778,38
2025-05-01,Office Supplies,Europe,65.59,14.6,1,12.86,15.0,6
2025-05-01,Office Supplies,Middle East & Africa,45.49,-2.04,1,7.22,10.0,7
2025-05-01,Office Supplies,North America,100.75,11.450000000000001,5,8.758,8.0,14
2025-05-01,Office Supplies,South America,164.72,26.6,4,10.555,11.25,13
2025-05-01,Technology,Asia Pacific,450.28999999999996,133.24,3,36.266666666666666,10.0,15
2025-05-01,Technology,Europe,414.58,124.32000000000001,4,57.695,8.75,8
2025-05-01,Technology,Middle East & Africa,1181.51,480.15,2,110.455,2.5,11
2025-05-01,Technology,North America,1013.82,342.4,4,69.4425,8.75,15
2025-05-01,Technology,South America,110.23,21.77,2,60.18000000000001,7.5,2
2025-06-01,Clothing & Accessories,Asia Pacific,96.82,27.69,1,17.93,10.0,6
2025-06-01,Clothing & Accessories,Europe,423.14,147.06,4,33.067499999999995,10.0,14
2025-06-01,Clothing & Accessories,Middle East & Africa,204.72,60.94,3,37.51333333333333,1.6666666666666667,6
2025-06-01,Clothing & Accessories,North America,492.35,210.17,2,68.045,10.0,8
2025-06-01,Furniture,Asia Pacific,1246.55,268.31,5,118.668,15.0,11
2025-06-01,Furniture,Europe,2670.72,906.96,5,158.004,9.0,13
2025-06-01,Furniture,North America,7334.84,1897.5100000000002,10,169.63299999999998,9.5,44
2025-06-01,Office Supplies,Asia Pacific,134.89999999999998,29.08,3,11.836666666666666,3.3333333333333335,11
2025-06-01,Office Supplies,Europe,185.45,23.700000000000003,6,13.378333333333332,8.333333333333334,17
2025-06-01,Office Supplies,Middle East & Africa,73.72,4.8,2,16.805,15.0,5
2025-06-01,Office Supplies,North America,71.58,-6.390000000000001,6,8.398333333333333,11.666666666666666,9
2025-06-01,Technology,Asia Pacific,3383.84,1303.37,6,79.53666666666666,7.5,37
2025-06-01,Technology,Europe,446.54999999999995,149.53,4,72.9125,8.75,6
2025-06-01,Technology,Middle East & Africa,194.81,59.49,2,37.39,0.0,5
2025-06-01,Technology,North America,200.18,46.15,3,52.06666666666666,15.0,6
2025-06-01,Technology,South America,907.92,348.65,2,88.46000000000001,5.0,11
2025-07-01,Clothing & Accessories,Asia Pacific,732.12,240.58,6,58.60833333333334,10.833333333333334,16
2025-07-01,Clothing & Accessories,Europe,1383.95,532.23,8,43.0875,7.5,31
2025-07-01,Clothing & Accessories,Middle East & Africa,138.21,54.93,1,46.07,0.0,3
2025-07-01,Clothing & Accessories,North America,655.53,255.49,3,56.56333333333333,6.666666666666667,15
2025-07-01,Furniture,Asia Pacific,1698.42,547.61,5,187.726,7.0,11
2025-07-01,Furniture,Europe,4425.33,1433.18,10,155.946,8.0,24
2025-07-01,Furniture,Middle East & Africa,432.8,142.03,1,75.93,5.0,6
2025-07-01,Furniture,North America,1632.53,444.98,5,112.554,10.0,17
2025-07-01,Furniture,South America,970.84,352.07,2,120.525,5.0,8
2025-07-01,Office Supplies,Asia Pacific,262.3,68.99,3,16.236666666666668,10.0,19
2025-07-01,Office Supplies,Europe,146.95,40.23,2,19.795,10.0,9
2025-07-01,Office Supplies,North America,11.55,-0.5,1,12.16,5.0,1
2025-07-01,Office Supplies,South America,60.28,-8.58,2,6.404999999999999,10.0,11
2025-07-01,Technology,Asia Pacific,373.68,99.78,4,49.855,8.75,9
2025-07-01,Technology,Europe,40.3,6.82,1,44.78,10.0,1
2025-07-01,Technology,Middle East & Africa,516.19,131.94,2,58.255,15.0,15
2025-07-01,Technology,North America,1008.48,264.32,4,73.7,10.0,12
2025-07-01,Technology,South America,576.5,185.39,1,53.38,10.0,12
2025-08-01,Clothing & Accessories,Asia Pacific,126.22,44.14,1,35.06,10.0,4
2025-08-01,Clothing & Accessories,Europe,1554.44,597.2,7,40.701428571428565,9.285714285714286,40
2025-08-01,Clothing & Accessories,Middle East & Africa,338.72,117.75,1,79.7,15.0,5
2025-08-01,Clothing & Accessories,North America,53.12,11.02,2,28.505,7.5,2
2025-08-01,Furniture,Asia Pacific,404.57,109.6,2,50.305,12.5,7
2025-08-01,Furniture,Europe,378.73,101.45,1,222.78,15.0,2
2025-08-01,Furniture,Middle East & Africa,377.92,138.06,1,377.92,0.0,1
2025-08-01,Furniture,North America,1722.89,580.26,5,94.306,5.0,22
2025-08-01,Office Supplies,Asia Pacific,69.86,10.45,2,18.915,12.5,4
2025-08-01,Office Supplies,Europe,42.69,9.88,1,15.81,10.0,3
2025-08-01,Office Supplies,Middle East & Africa,14.45,-5.02,1,15.21,5.0,1
2025-08-01,Office Supplies,North America,27.0,0.4999999999999999,2,10.53,10.0,3
2025-08-01,Office Supplies,South America,8.78,-7.12,1,8.78,0.0,1
2025-08-01,Technology,Asia Pacific,256.09,86.02,1,56.91,10.0,5
2025-08-01,Technology,Europe,4162.360000000001,1398.69,6,110.07166666666666,13.333333333333334,38
2025-08-01,Technology,Middle East & Africa,109.42,34.29,1,115.18,5.0,1
2025-08-01,Technology,North America,197.28,53.87,2,35.17,7.5,6
2025-08-01,Technology,South America,1457.57,541.07,3,132.34666666666666,10.0,12
2025-09-01,Clothing & Accessories,Asia Pacific,123.14,31.950000000000003,2,61.585,15.0,3
2025-09-01,Clothing & Accessories,Europe,429.03000000000003,147.23000000000002,3,57.57,15.0,10
2025-09-01,Clothing & Accessories,Middle East & Africa,231.54,81.44,2,46.464999999999996,5.0,6
2025-09-01,Clothing & Accessories,North America,152.25,42.64,3,22.636666666666667,16.666666666666668,10
2025-09-01,Furniture,Asia Pacific,2358.39,680.52,8,137.68,8.125,25
2025-09-01,Furniture,Europe,3618.1099999999997,1292.29,7,142.3242857142857,7.142857142857143,25
2025-09-01,Furniture,Middle East & Africa,718.45,201.22,2,215.79500000000002,12.5,4
2025-09-01,Furniture,North America,1263.49,423.89,2,224.26,7.5,8
2025-09-01,Furniture,South America,599.91,171.82,2,167.815,12.5,4
2025-09-01,Office Supplies,Asia Pacific,119.36,18.11,2,11.09,12.5,12
2025-09-01,Office Supplies,Europe,251.19,46.56,6,10.388333333333334,3.3333333333333335,28
2025-09-01,Office Supplies,Middle East & Africa,68.1,4.24,2,9.365,7.5,9
2025-09-01,Office Supplies,North America,133.01,36.87,3,9.426666666666668,5.0,13
2025-09-01,Office Supplies,South America,132.92,39.67,2,17.285,12.5,8
2025-09-01,Technology,Asia Pacific,434.87,122.09,3,56.89333333333334,10.0,9
2025-09-01,Technology,Europe,976.39,347.96,6,100.68333333333334,8.333333333333334,9
2025-09-01,Technology,Middle East & Africa,926.64,352.90999999999997,3,111.95666666666666,3.3333333333333335,12
2025-09-01,Technology,North America,1839.1599999999999,680.68,2,130.465,12.5,11
2025-10-01,Clothing & Accessories,Asia Pacific,426.56,159.65000000000003,3,35.663333333333334,5.0,12
2025-10-01,Clothing & Accessories,Europe,599.0699999999999,231.39,3,60.49333333333334,10.0,10
2025-10-01,Clothing & Accessories,North America,2662.89,1208.73,7,68.74857142857142,3.5714285714285716,41
2025-10-01,Clothing & Accessories,South America,34.47,2.66,1,40.55,15.0,1
2025-10-01,Furniture,Asia Pacific,1496.77,450.7,4,109.2825,10.0,17
2025-10-01,Furniture,Europe,2901.77,985.89,4,235.97249999999997,5.0,12
2025-10-01,Furniture,Middle East & Africa,515.39,140.42,2,89.29499999999999,10.0,6
2025-10-01,Furniture,North America,1540.2800000000002,485.73,4,111.6375,7.5,24
2025-10-01,Office Supplies,Asia Pacific,131.89000000000001,14.81,4,15.955,12.5,10
2025-10-01,Office Supplies,Europe,229.89999999999998,68.34,5,12.77,7.0,18
2025-10-01,Office Supplies,Middle East & Africa,45.29,5.56,1,17.76,15.0,3
2025-10-01,Office Supplies,North America,119.52,19.119999999999997,4,9.98,3.75,14
2025-10-01,Office Supplies,South America,23.380000000000003,-11.74,2,14.035,15.0,2
2025-10-01,Technology,Asia Pacific,2408.64,865.28,8,87.0775,7.5,41
2025-10-01,Technology,Europe,1248.1000000000001,424.19,5,81.33200000000001,7.0,24
2025-10-01,Technology,Middle East & Africa,474.69999999999993,174.04,2,87.995,2.5,6
2025-10-01,Technology,North America,916.05,340.7,5,47.35,10.0,19
2025-10-01,Technology,South America,100.08,15.05,2,56.46,12.5,2
2025-11-01,Clothing & Accessories,Asia Pacific,1062.21,473.89,3,81.93,5.0,11
2025-11-01,Clothing & Accessories,Middle East & Africa,200.61,68.72,2,39.379999999999995,5.0,5
2025-11-01,Clothing & Accessories,South America,878.05,399.29999999999995,2,102.66,2.5,9
2025-11-01,Furniture,Asia Pacific,1354.51,435.14,6,132.855,6.666666666666667,11
2025-11-01,Furniture,Europe,6022.43,1709.73,9,170.2733333333333,9.444444444444445,38
2025-11-01,Furniture,North America,471.83,74.16,2,179.805,15.0,3
2025-11-01,Furniture,South America,356.1,130.79,1,178.05,0.0,2
2025-11-01,Office Supplies,Asia Pacific,191.68,24.790000000000003,5,10.904,9.0,17
2025-11-01,Office Supplies,Europe,119.3,21.29,3,11.926666666666668,3.3333333333333335,12
2025-11-01,Office Supplies,North America,226.63,38.709999999999994,8,12.7975,8.75,19
2025-11-01,Office Supplies,South America,177.76,32.56,3,10.07,6.666666666666667,18
2025-11-01,Technology,Asia Pacific,1027.74,318.22,4,63.9575,10.0,28
2025-11-01,Technology,Europe,2041.27,610.61,5,105.018,14.0,22
2025-11-01,Technology,Middle East & Africa,289.64,79.02,2,34.205,2.5,10
2025-11-01,Technology,North America,361.26,117.83,3,53.24999999999999,8.333333333333334,7
2025-12-01,Clothing & Accessories,Asia Pacific,778.83,295.37,3,47.596666666666664,6.666666666666667,19
2025-12-01,Clothing & Accessories,Europe,1375.01,537.46,5,42.932,7.0,31
2025-12-01,Clothing & Accessories,Middle East & Africa,121.12,43.67,1,30.28,0.0,4
2025-12-01,Clothing & Accessories,North America,1061.12,451.64,5,55.751999999999995,7.0,18
2025-12-01,Clothing & Accessories,South America,73.25,22.54,1,77.11,5.0,1
2025-12-01,Furniture,Asia Pacific,3098.87,868.61,5,120.78800000000001,9.0,25
2025-12-01,Furniture,Europe,2753.13,902.42,6,158.37333333333333,8.333333333333334,22
2025-12-01,Furniture,Middle East & Africa,920.72,238.88,4,95.025,6.25,9
2025-12-01,Furniture,South America,718.33,238.34,2,139.355,10.0,5
2025-12-01,Office Supplies,Asia Pacific,363.37,105.44,6,14.953333333333333,6.666666666666667,25
2025-12-01,Office Supplies,Europe,22.64,-2.84,1,6.29,10.0,4
2025-12-01,Office Supplies,Middle East & Africa,23.87,-3.28,1,13.26,10.0,2
2025-12-01,Office Supplies,North America,160.18,22.07,6,12.813333333333333,10.0,15
2025-12-01,Office Supplies,South America,22.39,-0.55,1,12.44,10.0,2
2025-12-01,Technology,Asia Pacific,493.16999999999996,141.27,4,96.1175,11.25,6
2025-12-01,Technology,Europe,477.83,119.63999999999999,5,80.34,11.0,10
2025-12-01,Technology,Middle East & Africa,580.73,182.27999999999997,4,85.635,10.0,8
2025-12-01,Technology,North America,996.53,322.38,4,95.82499999999999,12.5,17
